{"cameraMode":{"drawMode":0,"name":"Shaded","section":"Shading Mode"},"sceneLighting":true,"audioPlay":false,"sceneViewState":{"showFog":true,"showMaterialUpdate":true,"showSkybox":true,"showFlares":true,"showImageEffects":true,"showParticleSystems":true},"in2DMode":false,"pivot":{"x":0.5226166248321533,"y":3.527153968811035,"z":-4.047187805175781},"rotation":{"x":-0.23029755055904389,"y":0.5460864305496216,"z":-0.15928445756435395,"w":-0.7895464897155762},"size":6.300417423248291,"orthographic":false}