{"cameraMode":{"drawMode":0,"name":"Shaded","section":"Shading Mode"},"sceneLighting":true,"audioPlay":false,"sceneViewState":{"showFog":true,"showMaterialUpdate":true,"showSkybox":true,"showFlares":true,"showImageEffects":true,"showParticleSystems":true},"in2DMode":false,"pivot":{"x":329.3484191894531,"y":320.6298522949219,"z":15.133584976196289},"rotation":{"x":-0.004275395069271326,"y":-0.30839115381240847,"z":-0.001402469351887703,"w":0.9512659907341003},"size":15.529693603515625,"orthographic":false}