{"cameraMode":{"drawMode":0,"name":"Shaded","section":"Shading Mode"},"sceneLighting":true,"audioPlay":false,"sceneViewState":{"showFog":true,"showMaterialUpdate":false,"showSkybox":true,"showFlares":true,"showImageEffects":true,"showParticleSystems":true},"in2DMode":false,"pivot":{"x":-2.8750619888305666,"y":-2.2489891052246095,"z":-3.832042694091797},"rotation":{"x":-0.19519580900669099,"y":0.6236563920974731,"z":-0.16477753221988679,"w":-0.7387839555740356},"size":10.850543975830079,"orthographic":false}